user_id,profile_type,monthly_income,saver_score,timestamp,merchant_name,mcc,amount,channel,base_category,label_avoidable
u1,Saver,2000,2,2025-01-01 19:17:00,Landlord,4900,1222.32,online,RENT_BILLS,0
u1,Saver,2000,2,2025-01-01 19:57:00,Water Utility,4900,1280.84,online,RENT_BILLS,0
u1,Saver,2000,2,2025-01-01 11:14:00,Walmart,5411,45.48,online,GROCERIES,0
u1,Saver,2000,2,2025-01-01 16:26:00,Water Utility,4900,1157.99,online,RENT_BILLS,0
u1,Saver,2000,2,2025-01-02 20:51:00,McDonald's,5814,6.38,online,FAST_FOOD,0
u1,Saver,2000,2,2025-01-02 11:48:00,Best Buy,5732,115.66,offline,ELECTRONICS,1
u1,Saver,2000,2,2025-01-03 21:22:00,Walgreens,5912,19.45,offline,PHARMACY_HEALTH,0
u1,Saver,2000,2,2025-01-03 09:59:00,Water Utility,4900,1028.83,offline,RENT_BILLS,0
u1,Saver,2000,2,2025-01-04 17:56:00,KFC,5814,15.61,offline,FAST_FOOD,1
u1,Saver,2000,2,2025-01-04 18:14:00,Landlord,4900,1158.77,offline,RENT_BILLS,0
u1,Saver,2000,2,2025-01-04 14:17:00,Landlord,4900,1151.98,offline,RENT_BILLS,0
u1,Saver,2000,2,2025-01-05 13:13:00,Walgreens,5912,44.21,offline,PHARMACY_HEALTH,0
u1,Saver,2000,2,2025-01-05 17:40:00,Landlord,4900,1198.92,online,RENT_BILLS,0
u1,Saver,2000,2,2025-01-07 14:17:00,Trader Joe's,5411,33.56,online,GROCERIES,0
u1,Saver,2000,2,2025-01-07 11:52:00,Landlord,4900,1422.27,online,RENT_BILLS,0
u1,Saver,2000,2,2025-01-07 11:58:00,CVS,5912,47.9,offline,PHARMACY_HEALTH,0
u1,Saver,2000,2,2025-01-08 15:09:00,Gas Station,4111,9.86,offline,TRANSPORT,1
u1,Saver,2000,2,2025-01-08 12:47:00,Water Utility,4900,1073.34,offline,RENT_BILLS,0
u1,Saver,2000,2,2025-01-08 10:32:00,CVS,5912,41.61,offline,PHARMACY_HEALTH,1
u1,Saver,2000,2,2025-01-08 10:40:00,Walmart,5411,46.55,online,GROCERIES,0
u1,Saver,2000,2,2025-01-08 14:24:00,CVS,5912,9.8,offline,PHARMACY_HEALTH,0
u1,Saver,2000,2,2025-01-08 18:46:00,Netflix,4899,15.6,online,SUBSCRIPTION,0
u1,Saver,2000,2,2025-01-08 20:41:00,Lyft,4111,8.04,offline,TRANSPORT,1
u1,Saver,2000,2,2025-01-09 08:46:00,Walgreens,5912,32.02,offline,PHARMACY_HEALTH,0
u1,Saver,2000,2,2025-01-09 22:06:00,Water Utility,4900,1246.57,offline,RENT_BILLS,0
u1,Saver,2000,2,2025-01-09 10:23:00,Uber,4111,38.32,online,TRANSPORT,0
u1,Saver,2000,2,2025-01-10 22:00:00,Water Utility,4900,1132.86,offline,RENT_BILLS,0
u1,Saver,2000,2,2025-01-10 22:53:00,Trader Joe's,5411,52.27,offline,GROCERIES,0
u1,Saver,2000,2,2025-01-11 09:05:00,Whole Foods,5411,32.34,offline,GROCERIES,0
u1,Saver,2000,2,2025-01-11 20:08:00,Gym Membership,4899,14.02,online,SUBSCRIPTION,0
u1,Saver,2000,2,2025-01-11 12:33:00,Netflix,4899,24.06,offline,SUBSCRIPTION,0
u1,Saver,2000,2,2025-01-12 19:12:00,Gym Membership,4899,26.78,offline,SUBSCRIPTION,0
u1,Saver,2000,2,2025-01-12 15:57:00,Electric Company,4900,1228.91,offline,RENT_BILLS,0
u1,Saver,2000,2,2025-01-12 08:37:00,Trader Joe's,5411,98.45,online,GROCERIES,0
u1,Saver,2000,2,2025-01-13 18:03:00,Whole Foods,5411,24.53,online,GROCERIES,1
u1,Saver,2000,2,2025-01-13 09:32:00,Trader Joe's,5411,86.06,online,GROCERIES,0
u1,Saver,2000,2,2025-01-13 10:46:00,Gas Station,4111,38.55,offline,TRANSPORT,0
u1,Saver,2000,2,2025-01-13 11:06:00,Lyft,4111,25.29,online,TRANSPORT,0
u1,Saver,2000,2,2025-01-14 15:55:00,Apple Store,5732,168.18,online,ELECTRONICS,0
u1,Saver,2000,2,2025-01-14 08:25:00,Netflix,4899,17.87,offline,SUBSCRIPTION,0
u1,Saver,2000,2,2025-01-14 11:34:00,Walmart,5411,72.54,offline,GROCERIES,0
u1,Saver,2000,2,2025-01-15 11:55:00,Trader Joe's,5411,88.95,online,GROCERIES,0
u1,Saver,2000,2,2025-01-15 09:03:00,Water Utility,4900,1143.84,online,RENT_BILLS,0
u1,Saver,2000,2,2025-01-15 10:26:00,Netflix,4899,18.36,offline,SUBSCRIPTION,0
u1,Saver,2000,2,2025-01-15 10:24:00,Landlord,4900,1168.63,online,RENT_BILLS,0
u1,Saver,2000,2,2025-01-15 12:27:00,Burger King,5814,7.68,offline,FAST_FOOD,1
u1,Saver,2000,2,2025-01-15 17:47:00,McDonald's,5814,16.48,online,FAST_FOOD,0
u1,Saver,2000,2,2025-01-17 15:32:00,Whole Foods,5411,66.53,online,GROCERIES,1
u1,Saver,2000,2,2025-01-17 09:38:00,Uber,4111,19.86,online,TRANSPORT,0
u1,Saver,2000,2,2025-01-18 22:36:00,Walmart,5411,39.94,online,GROCERIES,0
u1,Saver,2000,2,2025-01-18 14:42:00,Walmart,5411,59.54,offline,GROCERIES,0
u1,Saver,2000,2,2025-01-18 13:15:00,Whole Foods,5411,18.16,offline,GROCERIES,0
u1,Saver,2000,2,2025-01-18 15:20:00,Electric Company,4900,1114.2,online,RENT_BILLS,0
u1,Saver,2000,2,2025-01-20 09:04:00,Water Utility,4900,1120.59,online,RENT_BILLS,0
u1,Saver,2000,2,2025-01-20 22:04:00,Trader Joe's,5411,71.94,online,GROCERIES,0
u1,Saver,2000,2,2025-01-21 19:19:00,Whole Foods,5411,53.52,online,GROCERIES,0
u1,Saver,2000,2,2025-01-22 09:56:00,Gas Station,4111,12.97,online,TRANSPORT,0
u1,Saver,2000,2,2025-01-22 16:09:00,Water Utility,4900,1310.72,offline,RENT_BILLS,0
u1,Saver,2000,2,2025-01-22 11:43:00,Trader Joe's,5411,95.13,offline,GROCERIES,0
u1,Saver,2000,2,2025-01-22 09:40:00,McDonald's,5814,21.96,offline,FAST_FOOD,0
u1,Saver,2000,2,2025-01-22 20:08:00,Trader Joe's,5411,37.98,offline,GROCERIES,0
u1,Saver,2000,2,2025-01-23 16:00:00,Walgreens,5912,31.15,online,PHARMACY_HEALTH,1
u1,Saver,2000,2,2025-01-23 16:02:00,Landlord,4900,1336.53,offline,RENT_BILLS,0
u1,Saver,2000,2,2025-01-23 08:19:00,Walmart,5411,81.84,offline,GROCERIES,0
u1,Saver,2000,2,2025-01-25 22:22:00,Landlord,4900,1126.45,online,RENT_BILLS,0
u1,Saver,2000,2,2025-01-25 20:35:00,Electric Company,4900,1323.99,offline,RENT_BILLS,0
u1,Saver,2000,2,2025-01-25 21:10:00,Landlord,4900,1137.34,online,RENT_BILLS,0
u1,Saver,2000,2,2025-01-26 22:21:00,Whole Foods,5411,51.95,offline,GROCERIES,0
u1,Saver,2000,2,2025-01-26 12:10:00,Landlord,4900,1174.04,online,RENT_BILLS,0
u1,Saver,2000,2,2025-01-26 11:12:00,Trader Joe's,5411,54.85,offline,GROCERIES,0
u1,Saver,2000,2,2025-01-26 11:01:00,Landlord,4900,1084.8,online,RENT_BILLS,0
u1,Saver,2000,2,2025-01-26 20:17:00,McDonald's,5814,20.95,offline,FAST_FOOD,1
u1,Saver,2000,2,2025-01-26 08:07:00,Walgreens,5912,49.49,offline,PHARMACY_HEALTH,0
u1,Saver,2000,2,2025-01-27 08:06:00,Spotify,4899,15.66,offline,SUBSCRIPTION,0
u1,Saver,2000,2,2025-01-27 17:32:00,Electric Company,4900,1223.45,online,RENT_BILLS,0
u1,Saver,2000,2,2025-01-27 08:45:00,Lyft,4111,14.28,offline,TRANSPORT,1
u1,Saver,2000,2,2025-01-27 18:46:00,Gym Membership,4899,29.33,online,SUBSCRIPTION,0
u1,Saver,2000,2,2025-01-28 22:21:00,Whole Foods,5411,71.85,offline,GROCERIES,0
u1,Saver,2000,2,2025-01-28 16:19:00,Trader Joe's,5411,88.96,offline,GROCERIES,0
u1,Saver,2000,2,2025-01-28 10:12:00,Water Utility,4900,1134.35,offline,RENT_BILLS,0
u1,Saver,2000,2,2025-01-29 17:36:00,CVS,5912,9.45,offline,PHARMACY_HEALTH,0
u1,Saver,2000,2,2025-01-29 12:13:00,Electric Company,4900,1138.26,offline,RENT_BILLS,0
u1,Saver,2000,2,2025-01-29 15:28:00,Lyft,4111,38.18,offline,TRANSPORT,0
u1,Saver,2000,2,2025-01-29 10:42:00,Gas Station,4111,21.41,online,TRANSPORT,0
u1,Saver,2000,2,2025-01-30 13:05:00,Water Utility,4900,1122.96,online,RENT_BILLS,0
u1,Saver,2000,2,2025-01-30 10:01:00,Walmart,5411,84.43,online,GROCERIES,0
u1,Saver,2000,2,2025-01-30 15:26:00,Uber,4111,25.63,online,TRANSPORT,0
u1,Saver,2000,2,2025-01-30 11:09:00,Walgreens,5912,27.94,online,PHARMACY_HEALTH,0
u1,Saver,2000,2,2025-01-30 20:27:00,Landlord,4900,1190.07,online,RENT_BILLS,0
u1,Saver,2000,2,2025-01-31 15:03:00,Gym Membership,4899,23.7,online,SUBSCRIPTION,0
u1,Saver,2000,2,2025-01-31 20:29:00,Walmart,5411,65.35,offline,GROCERIES,0
u1,Saver,2000,2,2025-01-31 21:46:00,Water Utility,4900,1100.34,offline,RENT_BILLS,0
u1,Saver,2000,2,2025-01-31 19:55:00,Uber,4111,27.6,offline,TRANSPORT,0
u1,Saver,2000,2,2025-01-31 12:49:00,Water Utility,4900,1230.83,offline,RENT_BILLS,0
u1,Saver,2000,2,2025-01-31 19:18:00,McDonald's,5814,10.58,online,FAST_FOOD,1
u1,Saver,2000,2,2025-02-01 10:09:00,Zara,5651,74.61,online,CLOTHING,1
u1,Saver,2000,2,2025-02-01 09:26:00,Walmart,5411,68.94,offline,GROCERIES,0
u1,Saver,2000,2,2025-02-01 11:53:00,Uber,4111,33.41,offline,TRANSPORT,0
u1,Saver,2000,2,2025-02-02 08:54:00,Water Utility,4900,1224.36,offline,RENT_BILLS,0
u1,Saver,2000,2,2025-02-02 20:24:00,Spotify,4899,21.29,offline,SUBSCRIPTION,0
u1,Saver,2000,2,2025-02-02 22:14:00,Water Utility,4900,1201.91,offline,RENT_BILLS,0
u1,Saver,2000,2,2025-02-02 14:21:00,CVS,5912,43.08,offline,PHARMACY_HEALTH,0
u1,Saver,2000,2,2025-02-03 17:34:00,Landlord,4900,1138.17,online,RENT_BILLS,0
u1,Saver,2000,2,2025-02-03 08:05:00,Gas Station,4111,21.45,offline,TRANSPORT,1
u1,Saver,2000,2,2025-02-03 12:24:00,Uber,4111,17.72,offline,TRANSPORT,0
u1,Saver,2000,2,2025-02-03 12:48:00,H&M,5651,72.46,offline,CLOTHING,1
u1,Saver,2000,2,2025-02-03 19:34:00,Walmart,5411,117.87,online,GROCERIES,0
u1,Saver,2000,2,2025-02-03 20:41:00,Best Buy,5732,5.0,online,ELECTRONICS,0
u1,Saver,2000,2,2025-02-04 21:01:00,Netflix,4899,15.53,online,SUBSCRIPTION,1
u1,Saver,2000,2,2025-02-04 17:13:00,Uber,4111,19.98,offline,TRANSPORT,0
u1,Saver,2000,2,2025-02-05 17:38:00,Landlord,4900,1203.65,online,RENT_BILLS,0
u1,Saver,2000,2,2025-02-05 09:37:00,Trader Joe's,5411,43.71,online,GROCERIES,0
u1,Saver,2000,2,2025-02-05 14:45:00,Lyft,4111,57.16,online,TRANSPORT,1
u1,Saver,2000,2,2025-02-05 11:06:00,Water Utility,4900,1250.71,offline,RENT_BILLS,0
u1,Saver,2000,2,2025-02-06 20:36:00,Uber,4111,13.11,online,TRANSPORT,0
u1,Saver,2000,2,2025-02-06 09:32:00,Walgreens,5912,28.28,offline,PHARMACY_HEALTH,1
u1,Saver,2000,2,2025-02-06 09:27:00,Walgreens,5912,37.57,offline,PHARMACY_HEALTH,0
u1,Saver,2000,2,2025-02-06 10:27:00,Water Utility,4900,1269.26,online,RENT_BILLS,0
u1,Saver,2000,2,2025-02-06 17:51:00,Spotify,4899,14.0,offline,SUBSCRIPTION,0
u1,Saver,2000,2,2025-02-07 12:20:00,Water Utility,4900,1173.24,online,RENT_BILLS,0
u1,Saver,2000,2,2025-02-08 11:48:00,Trader Joe's,5411,26.83,offline,GROCERIES,0
u1,Saver,2000,2,2025-02-08 08:31:00,Electric Company,4900,1347.5,offline,RENT_BILLS,0
u1,Saver,2000,2,2025-02-08 13:17:00,Trader Joe's,5411,41.73,offline,GROCERIES,0
u1,Saver,2000,2,2025-02-08 09:15:00,Uber,4111,5.8,offline,TRANSPORT,0
u1,Saver,2000,2,2025-02-08 15:41:00,Water Utility,4900,1181.01,offline,RENT_BILLS,0
u1,Saver,2000,2,2025-02-08 11:25:00,Trader Joe's,5411,106.8,online,GROCERIES,0
u1,Saver,2000,2,2025-02-09 16:33:00,Lyft,4111,5.58,offline,TRANSPORT,0
u1,Saver,2000,2,2025-02-10 13:44:00,Electric Company,4900,1191.59,offline,RENT_BILLS,0
u1,Saver,2000,2,2025-02-10 19:12:00,McDonald's,5814,22.21,offline,FAST_FOOD,1
u1,Saver,2000,2,2025-02-10 10:12:00,Gas Station,4111,5.0,online,TRANSPORT,0
u1,Saver,2000,2,2025-02-10 20:33:00,KFC,5814,20.82,offline,FAST_FOOD,0
u1,Saver,2000,2,2025-02-11 11:23:00,Electric Company,4900,1200.82,online,RENT_BILLS,0
u1,Saver,2000,2,2025-02-11 12:02:00,Landlord,4900,1183.8,online,RENT_BILLS,0
u1,Saver,2000,2,2025-02-12 18:55:00,Landlord,4900,1204.87,offline,RENT_BILLS,0
u1,Saver,2000,2,2025-02-12 15:30:00,Trader Joe's,5411,77.17,offline,GROCERIES,0
u1,Saver,2000,2,2025-02-12 21:30:00,Spotify,4899,20.35,online,SUBSCRIPTION,0
u1,Saver,2000,2,2025-02-12 17:40:00,CVS,5912,36.59,online,PHARMACY_HEALTH,0
u1,Saver,2000,2,2025-02-12 09:15:00,Electric Company,4900,1191.32,online,RENT_BILLS,0
u1,Saver,2000,2,2025-02-13 20:33:00,CVS,5912,34.21,offline,PHARMACY_HEALTH,0
u1,Saver,2000,2,2025-02-13 12:36:00,Walgreens,5912,20.66,online,PHARMACY_HEALTH,0
u1,Saver,2000,2,2025-02-14 18:13:00,Landlord,4900,1152.85,offline,RENT_BILLS,0
u1,Saver,2000,2,2025-02-15 16:04:00,Walmart,5411,81.24,online,GROCERIES,1
u1,Saver,2000,2,2025-02-15 12:02:00,Walgreens,5912,42.19,online,PHARMACY_HEALTH,0
u1,Saver,2000,2,2025-02-15 09:43:00,Burger King,5814,18.15,online,FAST_FOOD,0
u1,Saver,2000,2,2025-02-16 17:42:00,Water Utility,4900,1056.99,online,RENT_BILLS,0
u1,Saver,2000,2,2025-02-16 10:58:00,Gas Station,4111,6.69,offline,TRANSPORT,0
u1,Saver,2000,2,2025-02-17 20:19:00,Walmart,5411,60.3,offline,GROCERIES,0
u1,Saver,2000,2,2025-02-17 19:25:00,Lyft,4111,38.96,offline,TRANSPORT,0
u1,Saver,2000,2,2025-02-17 17:02:00,Uber,4111,17.15,offline,TRANSPORT,0
u1,Saver,2000,2,2025-02-17 09:14:00,Uber,4111,39.24,online,TRANSPORT,0
u1,Saver,2000,2,2025-02-17 17:02:00,Electric Company,4900,1180.86,online,RENT_BILLS,0
u1,Saver,2000,2,2025-02-17 10:37:00,Electric Company,4900,1268.32,offline,RENT_BILLS,0
u1,Saver,2000,2,2025-02-17 15:22:00,Uber,4111,20.93,offline,TRANSPORT,0
u1,Saver,2000,2,2025-02-18 13:26:00,Landlord,4900,1150.95,offline,RENT_BILLS,0
u1,Saver,2000,2,2025-02-18 08:29:00,Gym Membership,4899,26.02,online,SUBSCRIPTION,1
u1,Saver,2000,2,2025-02-18 21:32:00,H&M,5651,34.1,online,CLOTHING,0
u1,Saver,2000,2,2025-02-18 08:12:00,Lyft,4111,36.56,offline,TRANSPORT,0
u1,Saver,2000,2,2025-02-18 20:03:00,Lyft,4111,35.01,online,TRANSPORT,0
u1,Saver,2000,2,2025-02-19 15:56:00,Trader Joe's,5411,61.9,offline,GROCERIES,1
u1,Saver,2000,2,2025-02-19 20:15:00,Gym Membership,4899,16.61,online,SUBSCRIPTION,1
u1,Saver,2000,2,2025-02-20 09:14:00,Trader Joe's,5411,70.32,online,GROCERIES,0
u1,Saver,2000,2,2025-02-20 15:59:00,Walmart,5411,45.91,offline,GROCERIES,0
u1,Saver,2000,2,2025-02-20 15:15:00,Burger King,5814,10.89,offline,FAST_FOOD,1
u1,Saver,2000,2,2025-02-21 21:04:00,CVS,5912,33.66,offline,PHARMACY_HEALTH,0
u1,Saver,2000,2,2025-02-21 22:50:00,Electric Company,4900,1244.73,offline,RENT_BILLS,0
u1,Saver,2000,2,2025-02-22 21:37:00,Burger King,5814,19.36,offline,FAST_FOOD,0
u1,Saver,2000,2,2025-02-23 13:21:00,Walgreens,5912,5.0,offline,PHARMACY_HEALTH,0
u1,Saver,2000,2,2025-02-23 19:15:00,Zara,5651,117.1,offline,CLOTHING,1
u1,Saver,2000,2,2025-02-23 13:47:00,Landlord,4900,1175.81,offline,RENT_BILLS,0
u1,Saver,2000,2,2025-02-23 18:50:00,Electric Company,4900,1199.63,online,RENT_BILLS,0
u1,Saver,2000,2,2025-02-23 17:21:00,Whole Foods,5411,42.94,online,GROCERIES,0
u1,Saver,2000,2,2025-02-23 08:46:00,Walgreens,5912,29.28,online,PHARMACY_HEALTH,0
u1,Saver,2000,2,2025-02-23 09:30:00,Landlord,4900,1301.69,offline,RENT_BILLS,0
u1,Saver,2000,2,2025-02-24 09:54:00,Water Utility,4900,1261.67,offline,RENT_BILLS,0
u1,Saver,2000,2,2025-02-24 13:40:00,Electric Company,4900,1205.57,offline,RENT_BILLS,0
u1,Saver,2000,2,2025-02-24 11:40:00,Walmart,5411,84.59,offline,GROCERIES,0
u1,Saver,2000,2,2025-02-24 09:48:00,Electric Company,4900,1237.89,online,RENT_BILLS,0
u1,Saver,2000,2,2025-02-24 08:20:00,Landlord,4900,1204.35,online,RENT_BILLS,0
u1,Saver,2000,2,2025-02-25 11:33:00,CVS,5912,28.34,offline,PHARMACY_HEALTH,0
u1,Saver,2000,2,2025-02-25 10:05:00,Landlord,4900,1278.1,offline,RENT_BILLS,0
u1,Saver,2000,2,2025-02-25 10:14:00,Whole Foods,5411,23.68,offline,GROCERIES,0
u1,Saver,2000,2,2025-02-25 22:51:00,CVS,5912,41.76,offline,PHARMACY_HEALTH,0
u1,Saver,2000,2,2025-02-25 09:28:00,Landlord,4900,1187.38,offline,RENT_BILLS,0
u1,Saver,2000,2,2025-02-26 19:16:00,Burger King,5814,8.22,offline,FAST_FOOD,0
u1,Saver,2000,2,2025-02-26 21:30:00,Trader Joe's,5411,68.54,online,GROCERIES,0
u1,Saver,2000,2,2025-02-27 12:44:00,Gas Station,4111,53.14,offline,TRANSPORT,1
u1,Saver,2000,2,2025-02-27 12:00:00,Electric Company,4900,1094.38,online,RENT_BILLS,0
u1,Saver,2000,2,2025-02-27 20:51:00,Electric Company,4900,1346.52,online,RENT_BILLS,0
u1,Saver,2000,2,2025-02-28 17:16:00,Best Buy,5732,188.96,online,ELECTRONICS,1
u1,Saver,2000,2,2025-02-28 08:19:00,Water Utility,4900,1177.42,offline,RENT_BILLS,0
u1,Saver,2000,2,2025-03-01 09:58:00,CVS,5912,28.28,offline,PHARMACY_HEALTH,0
u1,Saver,2000,2,2025-03-01 10:50:00,CVS,5912,48.57,offline,PHARMACY_HEALTH,0
u1,Saver,2000,2,2025-03-01 12:58:00,Netflix,4899,12.03,offline,SUBSCRIPTION,0
u1,Saver,2000,2,2025-03-01 20:07:00,Burger King,5814,12.0,offline,FAST_FOOD,0
u2,Average,3000,1,2025-01-01 21:43:00,Walmart,5411,60.13,offline,GROCERIES,0
u2,Average,3000,1,2025-01-02 09:50:00,Electric Company,4900,1203.76,offline,RENT_BILLS,0
u2,Average,3000,1,2025-01-02 13:43:00,Lyft,4111,26.8,offline,TRANSPORT,0
u2,Average,3000,1,2025-01-02 09:43:00,Electric Company,4900,1241.16,online,RENT_BILLS,0
u2,Average,3000,1,2025-01-02 13:58:00,Gas Station,4111,35.67,online,TRANSPORT,0
u2,Average,3000,1,2025-01-02 22:44:00,Electric Company,4900,1110.03,offline,RENT_BILLS,0
u2,Average,3000,1,2025-01-03 08:19:00,Walmart,5411,66.06,offline,GROCERIES,0
u2,Average,3000,1,2025-01-03 10:24:00,KFC,5814,25.24,offline,FAST_FOOD,1
u2,Average,3000,1,2025-01-04 16:26:00,Gym Membership,4899,23.23,online,SUBSCRIPTION,0
u2,Average,3000,1,2025-01-04 17:26:00,Electric Company,4900,1309.49,offline,RENT_BILLS,0
u2,Average,3000,1,2025-01-04 15:15:00,H&M,5651,41.05,offline,CLOTHING,1
u2,Average,3000,1,2025-01-04 22:41:00,Water Utility,4900,1254.88,offline,RENT_BILLS,0
u2,Average,3000,1,2025-01-04 21:52:00,McDonald's,5814,20.29,offline,FAST_FOOD,1
u2,Average,3000,1,2025-01-04 17:01:00,Whole Foods,5411,16.03,online,GROCERIES,0
u2,Average,3000,1,2025-01-05 20:36:00,McDonald's,5814,12.57,online,FAST_FOOD,1
u2,Average,3000,1,2025-01-05 17:13:00,Landlord,4900,1306.76,online,RENT_BILLS,0
u2,Average,3000,1,2025-01-05 08:17:00,Whole Foods,5411,84.54,online,GROCERIES,0
u2,Average,3000,1,2025-01-05 09:42:00,Uber,4111,29.96,online,TRANSPORT,1
u2,Average,3000,1,2025-01-06 17:20:00,Zara,5651,81.52,online,CLOTHING,1
u2,Average,3000,1,2025-01-06 14:33:00,Whole Foods,5411,59.18,online,GROCERIES,0
u2,Average,3000,1,2025-01-06 16:37:00,Walgreens,5912,5.0,online,PHARMACY_HEALTH,0
u2,Average,3000,1,2025-01-06 08:46:00,Whole Foods,5411,57.77,offline,GROCERIES,0
u2,Average,3000,1,2025-01-07 15:54:00,Netflix,4899,14.49,offline,SUBSCRIPTION,0
u2,Average,3000,1,2025-01-07 22:28:00,Whole Foods,5411,72.19,online,GROCERIES,0
u2,Average,3000,1,2025-01-08 09:08:00,Liquor Store,5921,19.7,offline,ALCOHOL,0
u2,Average,3000,1,2025-01-08 13:24:00,Gas Station,4111,13.11,offline,TRANSPORT,0
u2,Average,3000,1,2025-01-08 20:44:00,Uber,4111,23.39,online,TRANSPORT,0
u2,Average,3000,1,2025-01-08 19:55:00,Water Utility,4900,1117.18,online,RENT_BILLS,0
u2,Average,3000,1,2025-01-09 13:52:00,Electric Company,4900,1191.84,offline,RENT_BILLS,0
u2,Average,3000,1,2025-01-09 14:20:00,Electric Company,4900,1203.37,offline,RENT_BILLS,0
u2,Average,3000,1,2025-01-10 09:05:00,Trader Joe's,5411,57.19,online,GROCERIES,1
u2,Average,3000,1,2025-01-10 13:51:00,Whole Foods,5411,54.48,online,GROCERIES,0
u2,Average,3000,1,2025-01-11 16:21:00,Gas Station,4111,20.87,online,TRANSPORT,0
u2,Average,3000,1,2025-01-11 21:58:00,Electric Company,4900,1015.85,online,RENT_BILLS,0
u2,Average,3000,1,2025-01-11 09:36:00,Lyft,4111,5.0,online,TRANSPORT,0
u2,Average,3000,1,2025-01-12 13:54:00,CVS,5912,50.5,offline,PHARMACY_HEALTH,0
u2,Average,3000,1,2025-01-12 20:27:00,McDonald's,5814,19.26,online,FAST_FOOD,0
u2,Average,3000,1,2025-01-13 12:01:00,Water Utility,4900,1120.97,online,RENT_BILLS,0
u2,Average,3000,1,2025-01-13 13:00:00,Electric Company,4900,1321.9,online,RENT_BILLS,0
u2,Average,3000,1,2025-01-13 09:09:00,Lyft,4111,5.0,online,TRANSPORT,1
u2,Average,3000,1,2025-01-14 14:29:00,Lyft,4111,15.3,offline,TRANSPORT,0
u2,Average,3000,1,2025-01-14 20:36:00,Wine & More,5921,14.18,online,ALCOHOL,0
u2,Average,3000,1,2025-01-15 08:43:00,Whole Foods,5411,59.8,online,GROCERIES,0
u2,Average,3000,1,2025-01-15 17:28:00,Electric Company,4900,1318.4,offline,RENT_BILLS,0
u2,Average,3000,1,2025-01-15 13:27:00,Landlord,4900,1206.19,online,RENT_BILLS,0
u2,Average,3000,1,2025-01-16 16:42:00,Electric Company,4900,1131.1,offline,RENT_BILLS,0
u2,Average,3000,1,2025-01-16 08:13:00,Zara,5651,43.73,offline,CLOTHING,0
u2,Average,3000,1,2025-01-16 12:20:00,Electric Company,4900,1089.38,online,RENT_BILLS,0
u2,Average,3000,1,2025-01-17 10:24:00,Landlord,4900,1147.95,online,RENT_BILLS,0
u2,Average,3000,1,2025-01-17 09:25:00,Electric Company,4900,1161.03,online,RENT_BILLS,0
u2,Average,3000,1,2025-01-17 21:20:00,CVS,5912,21.11,offline,PHARMACY_HEALTH,0
u2,Average,3000,1,2025-01-17 12:07:00,Electric Company,4900,1130.88,offline,RENT_BILLS,0
u2,Average,3000,1,2025-01-17 21:44:00,Wine & More,5921,25.49,offline,ALCOHOL,1
u2,Average,3000,1,2025-01-18 14:37:00,Landlord,4900,1133.52,offline,RENT_BILLS,0
u2,Average,3000,1,2025-01-18 19:21:00,H&M,5651,81.71,online,CLOTHING,1
u2,Average,3000,1,2025-01-19 18:07:00,Whole Foods,5411,57.88,online,GROCERIES,0
u2,Average,3000,1,2025-01-19 11:06:00,Zara,5651,85.85,online,CLOTHING,1
u2,Average,3000,1,2025-01-19 20:48:00,Walmart,5411,65.19,online,GROCERIES,0
u2,Average,3000,1,2025-01-20 15:48:00,Electric Company,4900,1138.94,offline,RENT_BILLS,0
u2,Average,3000,1,2025-01-20 18:39:00,Water Utility,4900,1055.61,offline,RENT_BILLS,0
u2,Average,3000,1,2025-01-20 15:04:00,Landlord,4900,1069.8,offline,RENT_BILLS,0
u2,Average,3000,1,2025-01-20 17:03:00,Burger King,5814,15.24,offline,FAST_FOOD,0
u2,Average,3000,1,2025-01-21 08:03:00,Wine & More,5921,13.61,offline,ALCOHOL,0
u2,Average,3000,1,2025-01-21 17:38:00,Walmart,5411,66.69,offline,GROCERIES,0
u2,Average,3000,1,2025-01-22 22:02:00,Gas Station,4111,12.09,offline,TRANSPORT,0
u2,Average,3000,1,2025-01-22 13:38:00,Uber,4111,19.23,offline,TRANSPORT,0
u2,Average,3000,1,2025-01-23 09:51:00,Spotify,4899,16.99,offline,SUBSCRIPTION,0
u2,Average,3000,1,2025-01-23 10:02:00,Whole Foods,5411,79.01,online,GROCERIES,0
u2,Average,3000,1,2025-01-24 16:39:00,eBay,5999,44.24,online,MISC_ONLINE,1
u2,Average,3000,1,2025-01-24 14:49:00,Spotify,4899,20.45,offline,SUBSCRIPTION,0
u2,Average,3000,1,2025-01-24 18:21:00,Whole Foods,5411,72.2,online,GROCERIES,0
u2,Average,3000,1,2025-01-24 12:16:00,Lyft,4111,48.7,online,TRANSPORT,0
u2,Average,3000,1,2025-01-24 22:22:00,Uber,4111,23.2,offline,TRANSPORT,0
u2,Average,3000,1,2025-01-25 10:38:00,Electric Company,4900,1209.1,online,RENT_BILLS,0
u2,Average,3000,1,2025-01-25 21:08:00,H&M,5651,81.83,online,CLOTHING,0
u2,Average,3000,1,2025-01-26 08:23:00,Apple Store,5732,136.85,offline,ELECTRONICS,1
u2,Average,3000,1,2025-01-26 11:14:00,Trader Joe's,5411,53.75,online,GROCERIES,0
u2,Average,3000,1,2025-01-26 16:49:00,McDonald's,5814,21.51,online,FAST_FOOD,0
u2,Average,3000,1,2025-01-26 10:38:00,Water Utility,4900,1145.89,offline,RENT_BILLS,0
u2,Average,3000,1,2025-01-27 20:39:00,Whole Foods,5411,5.0,online,GROCERIES,0
u2,Average,3000,1,2025-01-27 18:46:00,Trader Joe's,5411,54.02,online,GROCERIES,0
u2,Average,3000,1,2025-01-27 20:28:00,Gas Station,4111,37.35,online,TRANSPORT,0
u2,Average,3000,1,2025-01-28 22:53:00,Burger King,5814,15.83,online,FAST_FOOD,1
u2,Average,3000,1,2025-01-28 15:49:00,Spotify,4899,22.84,offline,SUBSCRIPTION,0
u2,Average,3000,1,2025-01-28 10:52:00,Walgreens,5912,16.88,online,PHARMACY_HEALTH,0
u2,Average,3000,1,2025-01-29 08:41:00,Trader Joe's,5411,49.99,offline,GROCERIES,0
u2,Average,3000,1,2025-01-29 19:54:00,Uber,4111,8.63,online,TRANSPORT,0
u2,Average,3000,1,2025-01-29 15:57:00,Electric Company,4900,1134.64,online,RENT_BILLS,0
u2,Average,3000,1,2025-01-29 21:28:00,Walmart,5411,97.74,offline,GROCERIES,0
u2,Average,3000,1,2025-01-29 16:23:00,Apple Store,5732,260.31,online,ELECTRONICS,1
u2,Average,3000,1,2025-01-30 08:20:00,Walmart,5411,92.17,online,GROCERIES,0
u2,Average,3000,1,2025-01-30 10:02:00,Landlord,4900,1164.43,offline,RENT_BILLS,0
u2,Average,3000,1,2025-01-30 20:45:00,CVS,5912,23.59,offline,PHARMACY_HEALTH,0
u2,Average,3000,1,2025-01-31 08:16:00,Walmart,5411,46.18,online,GROCERIES,0
u2,Average,3000,1,2025-01-31 17:33:00,Gas Station,4111,9.12,offline,TRANSPORT,1
u2,Average,3000,1,2025-01-31 09:03:00,Burger King,5814,12.44,online,FAST_FOOD,1
u2,Average,3000,1,2025-01-31 09:07:00,Electric Company,4900,1213.65,offline,RENT_BILLS,0
u2,Average,3000,1,2025-01-31 17:15:00,Whole Foods,5411,80.89,online,GROCERIES,0
u2,Average,3000,1,2025-02-01 11:36:00,Trader Joe's,5411,64.51,offline,GROCERIES,0
u2,Average,3000,1,2025-02-01 13:04:00,Water Utility,4900,1411.49,online,RENT_BILLS,0
u2,Average,3000,1,2025-02-01 13:16:00,Walgreens,5912,26.96,online,PHARMACY_HEALTH,0
u2,Average,3000,1,2025-02-02 19:42:00,Walmart,5411,61.17,online,GROCERIES,0
u2,Average,3000,1,2025-02-02 10:02:00,Electric Company,4900,1350.56,offline,RENT_BILLS,0
u2,Average,3000,1,2025-02-02 21:49:00,Landlord,4900,1307.63,offline,RENT_BILLS,0
u2,Average,3000,1,2025-02-02 20:08:00,CVS,5912,53.9,online,PHARMACY_HEALTH,0
u2,Average,3000,1,2025-02-02 12:12:00,Netflix,4899,17.44,online,SUBSCRIPTION,0
u2,Average,3000,1,2025-02-02 22:19:00,Electric Company,4900,1120.83,offline,RENT_BILLS,0
u2,Average,3000,1,2025-02-03 08:48:00,Lyft,4111,23.11,online,TRANSPORT,0
u2,Average,3000,1,2025-02-03 21:41:00,Landlord,4900,1064.6,offline,RENT_BILLS,0
u2,Average,3000,1,2025-02-03 22:25:00,Electric Company,4900,1322.36,offline,RENT_BILLS,0
u2,Average,3000,1,2025-02-03 15:44:00,Zara,5651,65.26,offline,CLOTHING,1
u2,Average,3000,1,2025-02-03 20:05:00,Electric Company,4900,1165.85,offline,RENT_BILLS,0
u2,Average,3000,1,2025-02-04 16:18:00,Uber,4111,9.82,offline,TRANSPORT,1
u2,Average,3000,1,2025-02-05 12:28:00,Wine & More,5921,8.45,offline,ALCOHOL,1
u2,Average,3000,1,2025-02-05 08:46:00,Apple Store,5732,5.0,offline,ELECTRONICS,0
u2,Average,3000,1,2025-02-05 09:42:00,Best Buy,5732,160.89,offline,ELECTRONICS,1
u2,Average,3000,1,2025-02-05 10:01:00,Water Utility,4900,1109.97,online,RENT_BILLS,0
u2,Average,3000,1,2025-02-06 08:08:00,Electric Company,4900,1188.08,online,RENT_BILLS,0
u2,Average,3000,1,2025-02-06 14:36:00,Electric Company,4900,1181.53,online,RENT_BILLS,0
u2,Average,3000,1,2025-02-07 13:28:00,Electric Company,4900,1255.7,online,RENT_BILLS,0
u2,Average,3000,1,2025-02-07 13:41:00,Lyft,4111,9.74,offline,TRANSPORT,0
u2,Average,3000,1,2025-02-08 10:31:00,Whole Foods,5411,72.92,offline,GROCERIES,0
u2,Average,3000,1,2025-02-08 19:28:00,Trader Joe's,5411,60.02,online,GROCERIES,0
u2,Average,3000,1,2025-02-08 11:07:00,Burger King,5814,15.79,online,FAST_FOOD,0
u2,Average,3000,1,2025-02-09 09:51:00,Walgreens,5912,18.26,offline,PHARMACY_HEALTH,0
u2,Average,3000,1,2025-02-10 16:18:00,Water Utility,4900,1253.94,offline,RENT_BILLS,0
u2,Average,3000,1,2025-02-10 18:11:00,Water Utility,4900,1197.38,offline,RENT_BILLS,0
u2,Average,3000,1,2025-02-11 20:08:00,Walmart,5411,46.41,online,GROCERIES,0
u2,Average,3000,1,2025-02-12 17:23:00,Whole Foods,5411,30.56,offline,GROCERIES,0
u2,Average,3000,1,2025-02-12 22:05:00,Gas Station,4111,28.06,online,TRANSPORT,0
u2,Average,3000,1,2025-02-12 15:33:00,eBay,5999,47.25,offline,MISC_ONLINE,0
u2,Average,3000,1,2025-02-12 10:20:00,Landlord,4900,1179.61,online,RENT_BILLS,0
u2,Average,3000,1,2025-02-13 10:56:00,Electric Company,4900,1274.85,online,RENT_BILLS,0
u2,Average,3000,1,2025-02-13 22:55:00,Whole Foods,5411,91.79,online,GROCERIES,0
u2,Average,3000,1,2025-02-13 10:10:00,Walgreens,5912,40.83,offline,PHARMACY_HEALTH,0
u2,Average,3000,1,2025-02-13 22:18:00,Whole Foods,5411,31.77,online,GROCERIES,0
u2,Average,3000,1,2025-02-15 12:08:00,Water Utility,4900,1102.23,offline,RENT_BILLS,0
u2,Average,3000,1,2025-02-15 10:37:00,Whole Foods,5411,77.82,online,GROCERIES,0
u2,Average,3000,1,2025-02-16 13:53:00,Water Utility,4900,1256.88,online,RENT_BILLS,0
u2,Average,3000,1,2025-02-17 18:49:00,Walmart,5411,71.11,offline,GROCERIES,0
u2,Average,3000,1,2025-02-17 17:40:00,Electric Company,4900,1247.45,online,RENT_BILLS,0
u2,Average,3000,1,2025-02-17 18:19:00,Electric Company,4900,1175.24,offline,RENT_BILLS,0
u2,Average,3000,1,2025-02-19 12:29:00,Electric Company,4900,1066.42,online,RENT_BILLS,0
u2,Average,3000,1,2025-02-20 15:29:00,Trader Joe's,5411,104.12,online,GROCERIES,0
u2,Average,3000,1,2025-02-20 13:46:00,Whole Foods,5411,21.08,offline,GROCERIES,0
u2,Average,3000,1,2025-02-20 16:35:00,Trader Joe's,5411,75.15,online,GROCERIES,0
u2,Average,3000,1,2025-02-20 15:15:00,Walgreens,5912,10.79,online,PHARMACY_HEALTH,1
u2,Average,3000,1,2025-02-21 21:39:00,Burger King,5814,23.77,offline,FAST_FOOD,1
u2,Average,3000,1,2025-02-21 21:20:00,Landlord,4900,1196.99,offline,RENT_BILLS,0
u2,Average,3000,1,2025-02-21 15:31:00,Whole Foods,5411,87.58,offline,GROCERIES,0
u2,Average,3000,1,2025-02-21 16:29:00,Trader Joe's,5411,62.86,online,GROCERIES,0
u2,Average,3000,1,2025-02-21 12:31:00,Zara,5651,74.51,offline,CLOTHING,1
u2,Average,3000,1,2025-02-22 14:08:00,Walmart,5411,67.7,offline,GROCERIES,0
u2,Average,3000,1,2025-02-23 08:25:00,Electric Company,4900,1063.19,online,RENT_BILLS,0
u2,Average,3000,1,2025-02-23 12:04:00,Whole Foods,5411,27.79,offline,GROCERIES,0
u2,Average,3000,1,2025-02-24 21:39:00,Electric Company,4900,1208.07,online,RENT_BILLS,0
u2,Average,3000,1,2025-02-25 20:21:00,Trader Joe's,5411,110.14,offline,GROCERIES,0
u2,Average,3000,1,2025-02-25 14:32:00,Whole Foods,5411,77.94,online,GROCERIES,1
u2,Average,3000,1,2025-02-25 20:30:00,Trader Joe's,5411,48.27,offline,GROCERIES,0
u2,Average,3000,1,2025-02-27 13:59:00,Netflix,4899,22.63,offline,SUBSCRIPTION,1
u2,Average,3000,1,2025-02-27 21:19:00,eBay,5999,14.91,offline,MISC_ONLINE,0
u2,Average,3000,1,2025-02-27 19:36:00,Walgreens,5912,37.65,offline,PHARMACY_HEALTH,0
u2,Average,3000,1,2025-02-27 18:07:00,Trader Joe's,5411,56.05,offline,GROCERIES,0
u2,Average,3000,1,2025-02-28 21:44:00,Water Utility,4900,1264.53,online,RENT_BILLS,0
u2,Average,3000,1,2025-02-28 20:49:00,KFC,5814,17.59,online,FAST_FOOD,0
u2,Average,3000,1,2025-03-01 16:40:00,Uber,4111,14.11,offline,TRANSPORT,1
u2,Average,3000,1,2025-03-01 17:44:00,Landlord,4900,1078.08,online,RENT_BILLS,0
u3,Spender,4500,0,2025-01-01 10:26:00,Apple Store,5732,80.23,online,ELECTRONICS,0
u3,Spender,4500,0,2025-01-01 21:54:00,Electric Company,4900,1366.51,online,RENT_BILLS,0
u3,Spender,4500,0,2025-01-01 18:30:00,Walgreens,5912,25.43,offline,PHARMACY_HEALTH,0
u3,Spender,4500,0,2025-01-02 13:34:00,Whole Foods,5411,75.19,offline,GROCERIES,0
u3,Spender,4500,0,2025-01-02 18:51:00,Water Utility,4900,1078.47,offline,RENT_BILLS,0
u3,Spender,4500,0,2025-01-02 12:35:00,Walmart,5411,59.87,offline,GROCERIES,0
u3,Spender,4500,0,2025-01-03 20:18:00,Etsy,5999,23.53,online,MISC_ONLINE,0
u3,Spender,4500,0,2025-01-03 13:35:00,Apple Store,5732,226.98,offline,ELECTRONICS,1
u3,Spender,4500,0,2025-01-03 14:57:00,Gas Station,4111,19.98,offline,TRANSPORT,0
u3,Spender,4500,0,2025-01-04 12:02:00,Netflix,4899,22.5,offline,SUBSCRIPTION,0
u3,Spender,4500,0,2025-01-04 18:16:00,Trader Joe's,5411,73.31,offline,GROCERIES,0
u3,Spender,4500,0,2025-01-04 22:35:00,Electric Company,4900,1112.98,offline,RENT_BILLS,0
u3,Spender,4500,0,2025-01-05 11:15:00,Gas Station,4111,38.94,online,TRANSPORT,0
u3,Spender,4500,0,2025-01-05 08:06:00,CVS,5912,28.88,offline,PHARMACY_HEALTH,0
u3,Spender,4500,0,2025-01-06 08:35:00,Best Buy,5732,293.1,online,ELECTRONICS,0
u3,Spender,4500,0,2025-01-06 15:41:00,Spotify,4899,24.17,online,SUBSCRIPTION,0
u3,Spender,4500,0,2025-01-06 18:03:00,Burger King,5814,17.3,online,FAST_FOOD,0
u3,Spender,4500,0,2025-01-06 19:54:00,KFC,5814,14.65,online,FAST_FOOD,0
u3,Spender,4500,0,2025-01-06 22:58:00,Walmart,5411,18.48,online,GROCERIES,0
u3,Spender,4500,0,2025-01-07 10:59:00,H&M,5651,82.89,offline,CLOTHING,0
u3,Spender,4500,0,2025-01-07 17:06:00,Whole Foods,5411,65.19,offline,GROCERIES,0
u3,Spender,4500,0,2025-01-07 16:31:00,eBay,5999,46.79,online,MISC_ONLINE,0
u3,Spender,4500,0,2025-01-08 20:07:00,Best Buy,5732,8.49,offline,ELECTRONICS,1
u3,Spender,4500,0,2025-01-09 19:11:00,Apple Store,5732,5.0,online,ELECTRONICS,0
u3,Spender,4500,0,2025-01-09 18:48:00,Water Utility,4900,1240.08,online,RENT_BILLS,0
u3,Spender,4500,0,2025-01-09 21:27:00,Electric Company,4900,1116.6,offline,RENT_BILLS,0
u3,Spender,4500,0,2025-01-09 10:30:00,Landlord,4900,1302.23,offline,RENT_BILLS,0
u3,Spender,4500,0,2025-01-09 11:28:00,Trader Joe's,5411,53.47,offline,GROCERIES,0
u3,Spender,4500,0,2025-01-09 12:41:00,Liquor Store,5921,26.35,offline,ALCOHOL,0
u3,Spender,4500,0,2025-01-09 15:19:00,Walmart,5411,70.31,online,GROCERIES,0
u3,Spender,4500,0,2025-01-09 19:07:00,Apple Store,5732,5.0,offline,ELECTRONICS,0
u3,Spender,4500,0,2025-01-10 15:09:00,McDonald's,5814,18.57,offline,FAST_FOOD,0
u3,Spender,4500,0,2025-01-10 19:35:00,Lyft,4111,25.71,offline,TRANSPORT,0
u3,Spender,4500,0,2025-01-10 20:15:00,Landlord,4900,1297.85,online,RENT_BILLS,0
u3,Spender,4500,0,2025-01-10 09:58:00,Walgreens,5912,19.75,online,PHARMACY_HEALTH,1
u3,Spender,4500,0,2025-01-10 17:34:00,CVS,5912,22.35,online,PHARMACY_HEALTH,0
u3,Spender,4500,0,2025-01-11 09:43:00,Electric Company,4900,1001.23,online,RENT_BILLS,0
u3,Spender,4500,0,2025-01-11 20:03:00,Apple Store,5732,154.95,offline,ELECTRONICS,1
u3,Spender,4500,0,2025-01-11 16:29:00,Zara,5651,45.86,offline,CLOTHING,0
u3,Spender,4500,0,2025-01-11 19:13:00,Zara,5651,39.82,online,CLOTHING,1
u3,Spender,4500,0,2025-01-11 16:03:00,Liquor Store,5921,14.49,online,ALCOHOL,0
u3,Spender,4500,0,2025-01-11 14:11:00,Apple Store,5732,5.0,online,ELECTRONICS,0
u3,Spender,4500,0,2025-01-11 14:23:00,eBay,5999,9.82,offline,MISC_ONLINE,0
u3,Spender,4500,0,2025-01-12 14:05:00,Spotify,4899,24.92,online,SUBSCRIPTION,0
u3,Spender,4500,0,2025-01-12 16:25:00,Liquor Store,5921,22.86,online,ALCOHOL,0
u3,Spender,4500,0,2025-01-12 20:01:00,McDonald's,5814,14.75,offline,FAST_FOOD,0
u3,Spender,4500,0,2025-01-12 16:24:00,Electric Company,4900,1253.99,online,RENT_BILLS,0
u3,Spender,4500,0,2025-01-13 11:59:00,Wine & More,5921,26.66,online,ALCOHOL,1
u3,Spender,4500,0,2025-01-13 20:59:00,Water Utility,4900,1239.4,online,RENT_BILLS,0
u3,Spender,4500,0,2025-01-13 08:28:00,Whole Foods,5411,67.23,online,GROCERIES,0
u3,Spender,4500,0,2025-01-14 11:34:00,Trader Joe's,5411,121.38,online,GROCERIES,0
u3,Spender,4500,0,2025-01-15 16:18:00,Landlord,4900,1149.01,online,RENT_BILLS,0
u3,Spender,4500,0,2025-01-16 17:38:00,Electric Company,4900,1295.12,offline,RENT_BILLS,0
u3,Spender,4500,0,2025-01-16 16:14:00,Water Utility,4900,1170.13,offline,RENT_BILLS,0
u3,Spender,4500,0,2025-01-17 22:47:00,Whole Foods,5411,30.66,online,GROCERIES,0
u3,Spender,4500,0,2025-01-17 08:22:00,H&M,5651,76.09,offline,CLOTHING,0
u3,Spender,4500,0,2025-01-17 14:09:00,Wine & More,5921,9.84,offline,ALCOHOL,1
u3,Spender,4500,0,2025-01-17 11:54:00,Electric Company,4900,1323.8,online,RENT_BILLS,0
u3,Spender,4500,0,2025-01-18 22:03:00,Electric Company,4900,1343.67,offline,RENT_BILLS,0
u3,Spender,4500,0,2025-01-18 14:15:00,CVS,5912,38.15,offline,PHARMACY_HEALTH,0
u3,Spender,4500,0,2025-01-19 21:23:00,Electric Company,4900,1286.69,online,RENT_BILLS,0
u3,Spender,4500,0,2025-01-20 12:24:00,Landlord,4900,1197.35,online,RENT_BILLS,0
u3,Spender,4500,0,2025-01-20 19:42:00,Whole Foods,5411,104.86,online,GROCERIES,0
u3,Spender,4500,0,2025-01-21 12:58:00,Electric Company,4900,1158.59,online,RENT_BILLS,0
u3,Spender,4500,0,2025-01-22 09:47:00,Whole Foods,5411,65.59,offline,GROCERIES,0
u3,Spender,4500,0,2025-01-22 11:25:00,Water Utility,4900,1254.55,online,RENT_BILLS,0
u3,Spender,4500,0,2025-01-22 15:34:00,Electric Company,4900,1347.74,offline,RENT_BILLS,0
u3,Spender,4500,0,2025-01-22 15:06:00,H&M,5651,87.52,offline,CLOTHING,0
u3,Spender,4500,0,2025-01-22 13:20:00,Liquor Store,5921,21.41,offline,ALCOHOL,1
u3,Spender,4500,0,2025-01-23 10:01:00,Water Utility,4900,1170.37,offline,RENT_BILLS,0
u3,Spender,4500,0,2025-01-23 14:18:00,Gas Station,4111,12.5,online,TRANSPORT,0
u3,Spender,4500,0,2025-01-23 21:15:00,KFC,5814,11.55,offline,FAST_FOOD,0
u3,Spender,4500,0,2025-01-23 12:48:00,Spotify,4899,22.47,offline,SUBSCRIPTION,0
u3,Spender,4500,0,2025-01-23 15:10:00,Electric Company,4900,1233.46,offline,RENT_BILLS,0
u3,Spender,4500,0,2025-01-23 10:58:00,Electric Company,4900,1232.03,online,RENT_BILLS,0
u3,Spender,4500,0,2025-01-23 21:42:00,Landlord,4900,1181.94,online,RENT_BILLS,0
u3,Spender,4500,0,2025-01-23 09:45:00,Zara,5651,70.1,online,CLOTHING,1
u3,Spender,4500,0,2025-01-23 08:39:00,Apple Store,5732,322.66,offline,ELECTRONICS,0
u3,Spender,4500,0,2025-01-23 16:26:00,Whole Foods,5411,22.77,online,GROCERIES,1
u3,Spender,4500,0,2025-01-24 12:01:00,Water Utility,4900,1221.33,offline,RENT_BILLS,0
u3,Spender,4500,0,2025-01-24 22:06:00,Netflix,4899,17.99,online,SUBSCRIPTION,0
u3,Spender,4500,0,2025-01-24 21:22:00,Lyft,4111,33.07,offline,TRANSPORT,0
u3,Spender,4500,0,2025-01-24 15:36:00,Trader Joe's,5411,61.2,online,GROCERIES,0
u3,Spender,4500,0,2025-01-24 21:54:00,KFC,5814,21.04,online,FAST_FOOD,0
u3,Spender,4500,0,2025-01-25 09:25:00,Landlord,4900,1084.68,offline,RENT_BILLS,0
u3,Spender,4500,0,2025-01-25 19:10:00,Best Buy,5732,361.04,online,ELECTRONICS,0
u3,Spender,4500,0,2025-01-25 17:54:00,Apple Store,5732,46.02,online,ELECTRONICS,0
u3,Spender,4500,0,2025-01-25 11:57:00,Netflix,4899,20.66,offline,SUBSCRIPTION,0
u3,Spender,4500,0,2025-01-26 22:17:00,Gym Membership,4899,16.5,online,SUBSCRIPTION,0
u3,Spender,4500,0,2025-01-26 11:37:00,Landlord,4900,1229.37,online,RENT_BILLS,0
u3,Spender,4500,0,2025-01-29 22:04:00,Electric Company,4900,1157.94,offline,RENT_BILLS,0
u3,Spender,4500,0,2025-01-29 18:57:00,Burger King,5814,7.76,offline,FAST_FOOD,0
u3,Spender,4500,0,2025-01-29 19:05:00,Water Utility,4900,1024.1,offline,RENT_BILLS,0
u3,Spender,4500,0,2025-01-29 13:38:00,Best Buy,5732,266.0,offline,ELECTRONICS,0
u3,Spender,4500,0,2025-01-30 20:28:00,Wine & More,5921,19.98,offline,ALCOHOL,1
u3,Spender,4500,0,2025-01-30 14:11:00,Walgreens,5912,46.83,offline,PHARMACY_HEALTH,0
u3,Spender,4500,0,2025-01-31 19:04:00,Uber,4111,44.66,online,TRANSPORT,0
u3,Spender,4500,0,2025-01-31 19:24:00,Zara,5651,89.51,offline,CLOTHING,0
u3,Spender,4500,0,2025-02-01 15:23:00,Trader Joe's,5411,57.52,offline,GROCERIES,0
u3,Spender,4500,0,2025-02-01 15:35:00,Trader Joe's,5411,58.86,offline,GROCERIES,0
u3,Spender,4500,0,2025-02-01 09:38:00,Whole Foods,5411,66.08,offline,GROCERIES,0
u3,Spender,4500,0,2025-02-02 14:49:00,Trader Joe's,5411,61.86,online,GROCERIES,0
u3,Spender,4500,0,2025-02-02 17:33:00,CVS,5912,26.56,online,PHARMACY_HEALTH,0
u3,Spender,4500,0,2025-02-03 12:17:00,Trader Joe's,5411,68.57,offline,GROCERIES,0
u3,Spender,4500,0,2025-02-03 14:19:00,Trader Joe's,5411,71.42,offline,GROCERIES,0
u3,Spender,4500,0,2025-02-03 19:40:00,Zara,5651,87.09,offline,CLOTHING,0
u3,Spender,4500,0,2025-02-03 10:19:00,Walmart,5411,71.19,online,GROCERIES,0
u3,Spender,4500,0,2025-02-04 20:55:00,Wine & More,5921,26.97,offline,ALCOHOL,0
u3,Spender,4500,0,2025-02-04 12:20:00,Best Buy,5732,306.35,online,ELECTRONICS,0
u3,Spender,4500,0,2025-02-04 13:18:00,Trader Joe's,5411,57.76,offline,GROCERIES,0
u3,Spender,4500,0,2025-02-05 14:17:00,Electric Company,4900,1315.21,offline,RENT_BILLS,0
u3,Spender,4500,0,2025-02-06 17:34:00,Netflix,4899,20.64,online,SUBSCRIPTION,0
u3,Spender,4500,0,2025-02-06 19:13:00,Walgreens,5912,19.78,offline,PHARMACY_HEALTH,0
u3,Spender,4500,0,2025-02-06 21:54:00,Landlord,4900,1267.25,offline,RENT_BILLS,0
u3,Spender,4500,0,2025-02-07 11:16:00,Trader Joe's,5411,43.68,online,GROCERIES,0
u3,Spender,4500,0,2025-02-07 15:38:00,Landlord,4900,1186.16,offline,RENT_BILLS,0
u3,Spender,4500,0,2025-02-08 16:02:00,Walgreens,5912,19.68,offline,PHARMACY_HEALTH,0
u3,Spender,4500,0,2025-02-08 18:58:00,Water Utility,4900,1198.07,online,RENT_BILLS,0
u3,Spender,4500,0,2025-02-08 13:10:00,KFC,5814,12.14,online,FAST_FOOD,0
u3,Spender,4500,0,2025-02-08 14:48:00,Water Utility,4900,1178.93,offline,RENT_BILLS,0
u3,Spender,4500,0,2025-02-08 09:16:00,Best Buy,5732,139.51,online,ELECTRONICS,0
u3,Spender,4500,0,2025-02-09 15:23:00,CVS,5912,37.87,offline,PHARMACY_HEALTH,0
u3,Spender,4500,0,2025-02-09 16:09:00,Water Utility,4900,1342.53,offline,RENT_BILLS,0
u3,Spender,4500,0,2025-02-09 14:58:00,Apple Store,5732,68.55,online,ELECTRONICS,1
u3,Spender,4500,0,2025-02-10 13:19:00,Netflix,4899,20.19,offline,SUBSCRIPTION,0
u3,Spender,4500,0,2025-02-11 13:30:00,Burger King,5814,15.98,online,FAST_FOOD,0
u3,Spender,4500,0,2025-02-12 09:19:00,Electric Company,4900,1114.99,online,RENT_BILLS,0
u3,Spender,4500,0,2025-02-12 18:06:00,Trader Joe's,5411,66.89,online,GROCERIES,0
u3,Spender,4500,0,2025-02-12 10:35:00,Water Utility,4900,1136.12,online,RENT_BILLS,0
u3,Spender,4500,0,2025-02-13 11:51:00,H&M,5651,124.36,offline,CLOTHING,0
u3,Spender,4500,0,2025-02-14 14:25:00,Whole Foods,5411,68.95,online,GROCERIES,0
u3,Spender,4500,0,2025-02-14 17:27:00,Electric Company,4900,1209.16,offline,RENT_BILLS,0
u3,Spender,4500,0,2025-02-14 20:45:00,Burger King,5814,19.75,online,FAST_FOOD,0
u3,Spender,4500,0,2025-02-14 10:23:00,Water Utility,4900,1184.16,offline,RENT_BILLS,0
u3,Spender,4500,0,2025-02-14 21:31:00,Whole Foods,5411,92.93,offline,GROCERIES,0
u3,Spender,4500,0,2025-02-15 09:22:00,Gas Station,4111,9.53,offline,TRANSPORT,0
u3,Spender,4500,0,2025-02-15 19:51:00,Gas Station,4111,17.06,offline,TRANSPORT,0
u3,Spender,4500,0,2025-02-15 10:20:00,Gas Station,4111,34.28,online,TRANSPORT,0
u3,Spender,4500,0,2025-02-16 19:09:00,Trader Joe's,5411,88.23,offline,GROCERIES,0
u3,Spender,4500,0,2025-02-16 14:11:00,Trader Joe's,5411,31.8,offline,GROCERIES,0
u3,Spender,4500,0,2025-02-16 22:11:00,Water Utility,4900,1245.14,online,RENT_BILLS,0
u3,Spender,4500,0,2025-02-17 21:28:00,Trader Joe's,5411,87.28,online,GROCERIES,0
u3,Spender,4500,0,2025-02-18 10:12:00,Spotify,4899,19.45,offline,SUBSCRIPTION,0
u3,Spender,4500,0,2025-02-18 14:43:00,Apple Store,5732,233.67,offline,ELECTRONICS,0
u3,Spender,4500,0,2025-02-18 10:05:00,Electric Company,4900,1283.77,online,RENT_BILLS,0
u3,Spender,4500,0,2025-02-18 12:14:00,McDonald's,5814,23.42,offline,FAST_FOOD,1
u3,Spender,4500,0,2025-02-19 16:32:00,Apple Store,5732,131.17,online,ELECTRONICS,0
u3,Spender,4500,0,2025-02-19 21:23:00,KFC,5814,19.0,online,FAST_FOOD,0
u3,Spender,4500,0,2025-02-19 14:06:00,Best Buy,5732,226.89,online,ELECTRONICS,1
u3,Spender,4500,0,2025-02-19 12:22:00,Etsy,5999,53.32,online,MISC_ONLINE,0
u3,Spender,4500,0,2025-02-20 11:51:00,Amazon,5999,8.65,offline,MISC_ONLINE,0
u3,Spender,4500,0,2025-02-20 10:39:00,Lyft,4111,29.86,online,TRANSPORT,0
u3,Spender,4500,0,2025-02-20 17:22:00,Landlord,4900,1176.68,offline,RENT_BILLS,0
u3,Spender,4500,0,2025-02-21 12:18:00,Whole Foods,5411,5.0,offline,GROCERIES,0
u3,Spender,4500,0,2025-02-21 10:48:00,CVS,5912,33.53,offline,PHARMACY_HEALTH,0
u3,Spender,4500,0,2025-02-21 10:44:00,eBay,5999,11.11,online,MISC_ONLINE,1
u3,Spender,4500,0,2025-02-22 20:53:00,Landlord,4900,1225.54,offline,RENT_BILLS,0
u3,Spender,4500,0,2025-02-22 18:26:00,Lyft,4111,17.98,offline,TRANSPORT,0
u3,Spender,4500,0,2025-02-22 14:32:00,Uber,4111,30.2,offline,TRANSPORT,0
u3,Spender,4500,0,2025-02-22 15:20:00,Electric Company,4900,1196.25,online,RENT_BILLS,0
u3,Spender,4500,0,2025-02-23 19:29:00,Landlord,4900,1238.16,offline,RENT_BILLS,0
u3,Spender,4500,0,2025-02-24 11:27:00,Electric Company,4900,1179.26,online,RENT_BILLS,0
u3,Spender,4500,0,2025-02-24 13:35:00,Wine & More,5921,37.34,online,ALCOHOL,0
u3,Spender,4500,0,2025-02-25 22:43:00,Apple Store,5732,327.06,online,ELECTRONICS,1
u3,Spender,4500,0,2025-02-25 08:07:00,Lyft,4111,43.34,online,TRANSPORT,0
u3,Spender,4500,0,2025-02-25 11:44:00,Trader Joe's,5411,90.36,online,GROCERIES,0
u3,Spender,4500,0,2025-02-26 09:41:00,Wine & More,5921,24.1,offline,ALCOHOL,1
u3,Spender,4500,0,2025-02-26 08:25:00,Zara,5651,67.85,offline,CLOTHING,0
u3,Spender,4500,0,2025-02-26 18:05:00,Electric Company,4900,1197.02,online,RENT_BILLS,0
u3,Spender,4500,0,2025-02-26 17:14:00,Best Buy,5732,309.14,offline,ELECTRONICS,1
u3,Spender,4500,0,2025-02-28 21:27:00,Landlord,4900,1204.16,online,RENT_BILLS,0
u3,Spender,4500,0,2025-02-28 19:51:00,McDonald's,5814,12.06,online,FAST_FOOD,1
u3,Spender,4500,0,2025-02-28 10:24:00,H&M,5651,70.28,online,CLOTHING,0
u3,Spender,4500,0,2025-03-01 16:36:00,Landlord,4900,1211.15,online,RENT_BILLS,0
u3,Spender,4500,0,2025-03-01 19:13:00,Trader Joe's,5411,71.31,online,GROCERIES,0
u3,Spender,4500,0,2025-03-01 21:13:00,Lyft,4111,23.0,online,TRANSPORT,0
